﻿DrugBank_ids,Drug_Name,IC50(uM),Drug_Target,PubMed
DB01092,Strophanthin,0.0207,P05023; P50993; P13637,26041706
DB00539,Toremifene Citrate,0.0255,P03372; P04278,23785035
DB00570,Vinblastine,0.048,Q71U36; P07437; Q9UJT1; P23258; Q9UJT0; P05412,26038505
DB00361,Vinorelbine,0.066,P07437,26038505
DB00541,Vincristine,0.141,P07437; P68366,26038505
DB01394,Colchicine,0.238,P07437,26038505
DB00688,Mycophenolate Mofetil,0.29,P20839; P12268; Q03393,26041706
DB01103,Quinacrine Hydrochloride,0.35,O60733; P47712; Q15111,26834994
DB00675,Tamoxifen,0.38,P03372; Q92731; Q15125; P17252; P05771; Q05655; Q02156; P05129; P41743; Q04759; Q05513; P10275; Q12809; O75469; P62508; P04278; P45983,30149038
DB08313,Nocodazole,0.402,O60760,26038505
DB08889,Carfilzomib,0.432,P28074; P28062; P20618; P28065; P49721; P40306,26038505
DB01117,Atovaquone,0.437,Q02768; Q08210; Q02127,26041706
DB01268,Sunitinib,0.47,P09619; P17948; P10721; P35968; P35916; P36888; P07333; P16234,28240606
DB01078,Deslanoside,0.485,P05023,26038505
DB00283,Clemastine,0.652,P35367,26041706
DB00643,Mebendazole,50,Q71U36; P68371,27622822
DB09093,Chlortetracycline,50,P0A7V3; P0A7W7; P0A7U3; P0AG59; P02359,27622822
DB06707,Levonordefrin,50,P08913; P18089; P18825,26585243
DB00736,Esomeprazole,50.25,P20648; O94760,26069727
DB00338,Omeprazole,50.32,P20648; P35869,26069727
DB00811,Ribavirin,60.1,P20839; P26676; P12268; P16502; P49902; P22413; P12823,25144302
DB00972,Azelastine,121.555161,P35367; P25021; P04054; Q16873,26041706
DB00640,Adenosine Dialdehyde,125,P29274; P29275; P0DMS8; P30542,9988190