﻿DrugBank_ids,Drug_Name,IC50(uM),Drug_Target,PubMed
DB07374,Anisomycin,0.003,Q96L21; P40429; P62829; P61313; P84098; P62750; Q9UHA3; Q9UNX3; P62917; P61927; P39023; P62913; P55769,24841273
DB04865,Homoharringtonine,0.0718,P20276; P39023,24841273
DB01024,Mycophenolic Acid,0.17,P12268; P20839,24096239
DB00441,Gemcitabine Hydrochloride,1.216,P23921; P04818; P30085,24841273
DB00068,Betaferon,93.31,P48551; P17181,24096239
DB00811,Ribavirin,107.06,P20839; P26676; P12268; P16502; P49902; P22413; P12823,24096239
DB01024,Mycophenolic Acid,247.6,P12268; P20839,25542975
DB00105,Rebif,480.54,P48551; P17181,24096239