﻿DrugBank_ids,Drug_Name,IC50(uM),Drug_Target,PubMed
DB12307,Foretinib,0,P35968; P14210,28099856
DB00796,Candesartan cilexetil,0.003363,P30556,31669333
DB00146,Calcifediol,0.02215,P11473,31669333
DB06195,Seliciclib,0.024,P28482; P27361; P24941; P06493; P50613; P50750; P49674,27571349
DB07348,Brefeldin A,0.0548,Q99418; P84077,29093640
DB00811,Ribavirin,0.06371877,P20839; P26676; P12268; P16502; P49902; P22413; P12823,27838352
DB01024,Mycophenolic Acid,0.1,P12268; P20839,28099856
DB03496,Alvocidib,0.157,P00533; Q00535; P11217; P24941; P06493; P50613; P50750; Q00534; P11802; P49336; P11216; P06737,27571349
DB01087,Primaquine Diphosphate,0.1605,P08729; P16083,31669333
DB08875,Cabozantinib,0.2,P08581; P35968; P07949,28099856
DB00322,5-Fluoro-2-deoxyuridine,0.2,P04818,30061280
DB00563,Methotrexate,0.28,P00374; P04818; P31939,28099856
DB00441,Gemcitabine,0.3,P23921; P04818; P30085,28099856
DB08936,Chlorcyclizine,69,P35367,31850756
DB08934,Sofosbuvir,100,O39930,30061280
DB00872,Conivaptan,187.7,P37288; P30518,31786251
,,,,
,,,,
,,,,
,,,,
,,,,
,,,,